"name","name_ascii","type","county_fips","state_id","state_name","lat","lng","population"
"Woodford","Woodford","County","17203","IL","Illinois","40.7883","-89.2113","38571"
"Winnebago","Winnebago","County","17201","IL","Illinois","42.3363","-89.1609","285471"
"Williamson","Williamson","County","17199","IL","Illinois","37.7303","-88.9299","67271"
"Will","Will","County","17197","IL","Illinois","41.445","-87.9786","696403"
"Whiteside","Whiteside","County","17195","IL","Illinois","41.7562","-89.9141","55932"
"White","White","County","17193","IL","Illinois","38.0875","-88.1796","13959"
"Wayne","Wayne","County","17191","IL","Illinois","38.4296","-88.4256","16250"
"Washington","Washington","County","17189","IL","Illinois","38.3522","-89.4105","13827"
"Warren","Warren","County","17187","IL","Illinois","40.8488","-90.615","16887"
"Wabash","Wabash","County","17185","IL","Illinois","38.4461","-87.8443","11414"
"Vermilion","Vermilion","County","17183","IL","Illinois","40.1834","-87.7328","74953"
"Union","Union","County","17181","IL","Illinois","37.4713","-89.2551","17259"
"Tazewell","Tazewell","County","17179","IL","Illinois","40.5075","-89.5134","131977"
"Stephenson","Stephenson","County","17177","IL","Illinois","42.3518","-89.6623","44817"
"Stark","Stark","County","17175","IL","Illinois","41.0934","-89.7975","5436"
"St. Clair","St. Clair","County","17163","IL","Illinois","38.4703","-89.9284","258597"
"Shelby","Shelby","County","17173","IL","Illinois","39.3911","-88.8055","21160"
"Scott","Scott","County","17171","IL","Illinois","39.6441","-90.4747","4923"
"Schuyler","Schuyler","County","17169","IL","Illinois","40.158","-90.6151","6953"
"Sangamon","Sangamon","County","17167","IL","Illinois","39.7582","-89.6589","196759"
"Saline","Saline","County","17165","IL","Illinois","37.7531","-88.5407","23869"
"Rock Island","Rock Island","County","17161","IL","Illinois","41.4673","-90.5674","144694"
"Richland","Richland","County","17159","IL","Illinois","38.7124","-88.0851","15876"
"Randolph","Randolph","County","17157","IL","Illinois","38.0521","-89.8252","30632"
"Putnam","Putnam","County","17155","IL","Illinois","41.2045","-89.2858","5638"
"Pulaski","Pulaski","County","17153","IL","Illinois","37.2232","-89.1266","5279"
"Pope","Pope","County","17151","IL","Illinois","37.4127","-88.5615","3820"
"Pike","Pike","County","17149","IL","Illinois","39.6225","-90.8863","14923"
"Piatt","Piatt","County","17147","IL","Illinois","40.0104","-88.5911","16664"
"Perry","Perry","County","17145","IL","Illinois","38.0837","-89.367","21158"
"Peoria","Peoria","County","17143","IL","Illinois","40.788","-89.76","182439"
"Ogle","Ogle","County","17141","IL","Illinois","42.0426","-89.3207","51787"
"Moultrie","Moultrie","County","17139","IL","Illinois","39.6415","-88.6193","14634"
"Morgan","Morgan","County","17137","IL","Illinois","39.7156","-90.2015","33189"
"Montgomery","Montgomery","County","17135","IL","Illinois","39.231","-89.4789","28482"
"Monroe","Monroe","County","17133","IL","Illinois","38.2785","-90.1773","34732"
"Mercer","Mercer","County","17131","IL","Illinois","41.2053","-90.7414","15779"
"Menard","Menard","County","17129","IL","Illinois","40.0274","-89.8022","12343"
"McLean","McLean","County","17113","IL","Illinois","40.4909","-88.8473","171455"
"McHenry","McHenry","County","17111","IL","Illinois","42.3244","-88.4523","310749"
"McDonough","McDonough","County","17109","IL","Illinois","40.4562","-90.6779","27743"
"Massac","Massac","County","17127","IL","Illinois","37.2189","-88.7076","14280"
"Mason","Mason","County","17125","IL","Illinois","40.2396","-89.9168","13225"
"Marshall","Marshall","County","17123","IL","Illinois","41.0332","-89.3448","11781"
"Marion","Marion","County","17121","IL","Illinois","38.6496","-88.919","37781"
"Madison","Madison","County","17119","IL","Illinois","38.8297","-89.9049","266112"
"Macoupin","Macoupin","County","17117","IL","Illinois","39.261","-89.9245","45152"
"Macon","Macon","County","17115","IL","Illinois","39.86","-88.9616","104331"
"Logan","Logan","County","17107","IL","Illinois","40.1245","-89.3675","28238"
"Livingston","Livingston","County","17105","IL","Illinois","40.8916","-88.5577","35902"
"Lee","Lee","County","17103","IL","Illinois","41.7461","-89.3003","34373"
"Lawrence","Lawrence","County","17101","IL","Illinois","38.72","-87.7268","15465"
"Lake","Lake","County","17097","IL","Illinois","42.3233","-88.0037","714484"
"LaSalle","LaSalle","County","17099","IL","Illinois","41.344","-88.8859","109986"
"Knox","Knox","County","17095","IL","Illinois","40.9318","-90.2132","50193"
"Kendall","Kendall","County","17093","IL","Illinois","41.5906","-88.4288","130757"
"Kankakee","Kankakee","County","17091","IL","Illinois","41.1377","-87.8618","108104"
"Kane","Kane","County","17089","IL","Illinois","41.9388","-88.4286","518648"
"Johnson","Johnson","County","17087","IL","Illinois","37.4597","-88.8809","13238"
"Jo Daviess","Jo Daviess","County","17085","IL","Illinois","42.3658","-90.2126","21995"
"Jersey","Jersey","County","17083","IL","Illinois","39.0855","-90.3565","21533"
"Jefferson","Jefferson","County","17081","IL","Illinois","38.3005","-88.924","37362"
"Jasper","Jasper","County","17079","IL","Illinois","39.0101","-88.1538","9324"
"Jackson","Jackson","County","17077","IL","Illinois","37.7851","-89.3821","53676"
"Iroquois","Iroquois","County","17075","IL","Illinois","40.7473","-87.8243","27362"
"Henry","Henry","County","17073","IL","Illinois","41.3531","-90.1314","49412"
"Henderson","Henderson","County","17071","IL","Illinois","40.818","-90.9251","6485"
"Hardin","Hardin","County","17069","IL","Illinois","37.5182","-88.2668","3700"
"Hancock","Hancock","County","17067","IL","Illinois","40.4037","-91.1647","17750"
"Hamilton","Hamilton","County","17065","IL","Illinois","38.0815","-88.5391","8021"
"Grundy","Grundy","County","17063","IL","Illinois","41.2851","-88.4185","52364"
"Greene","Greene","County","17061","IL","Illinois","39.3562","-90.3905","12187"
"Gallatin","Gallatin","County","17059","IL","Illinois","37.7628","-88.2305","5038"
"Fulton","Fulton","County","17057","IL","Illinois","40.4728","-90.2075","34022"
"Franklin","Franklin","County","17055","IL","Illinois","37.9923","-88.9242","38068"
"Ford","Ford","County","17053","IL","Illinois","40.5972","-88.2233","13589"
"Fayette","Fayette","County","17051","IL","Illinois","39.0002","-89.0241","21514"
"Effingham","Effingham","County","17049","IL","Illinois","39.0598","-88.5899","34576"
"Edwards","Edwards","County","17047","IL","Illinois","38.4165","-88.0533","6233"
"Edgar","Edgar","County","17045","IL","Illinois","39.6786","-87.7456","16998"
"DuPage","DuPage","County","17043","IL","Illinois","41.852","-88.0856","934094"
"Douglas","Douglas","County","17041","IL","Illinois","39.7694","-88.2174","19708"
"DeKalb","DeKalb","County","17037","IL","Illinois","41.8935","-88.7703","100922"
"De Witt","De Witt","County","17039","IL","Illinois","40.1746","-88.9041","15653"
"Cumberland","Cumberland","County","17035","IL","Illinois","39.2733","-88.2402","10528"
"Crawford","Crawford","County","17033","IL","Illinois","39.0027","-87.7596","18825"
"Cook","Cook","County","17031","IL","Illinois","41.8401","-87.8168","5265398"
"Coles","Coles","County","17029","IL","Illinois","39.5203","-88.2217","47542"
"Clinton","Clinton","County","17027","IL","Illinois","38.6065","-89.4225","37048"
"Clay","Clay","County","17025","IL","Illinois","38.7542","-88.4902","13313"
"Clark","Clark","County","17023","IL","Illinois","39.3336","-87.7877","15587"
"Christian","Christian","County","17021","IL","Illinois","39.5458","-89.2773","34038"
"Champaign","Champaign","County","17019","IL","Illinois","40.1401","-88.1992","206583"
"Cass","Cass","County","17017","IL","Illinois","39.9735","-90.2474","13058"
"Carroll","Carroll","County","17015","IL","Illinois","42.0687","-89.9343","15586"
"Calhoun","Calhoun","County","17013","IL","Illinois","39.1693","-90.6676","4537"
"Bureau","Bureau","County","17011","IL","Illinois","41.4041","-89.5286","33338"
"Brown","Brown","County","17009","IL","Illinois","39.9618","-90.7504","6330"
"Boone","Boone","County","17007","IL","Illinois","42.3231","-88.8234","53592"
"Bond","Bond","County","17005","IL","Illinois","38.8868","-89.4356","16804"
"Alexander","Alexander","County","17003","IL","Illinois","37.1915","-89.3375","5488"
"Adams","Adams","County","17001","IL","Illinois","39.9879","-91.1885","65878"
