"zip","city","county","population"
60629,"Chicago","Cook County",108324
60618,"Chicago","Cook County",91901
60632,"Chicago","Cook County",89107
60647,"Chicago","Cook County",84749
60639,"Chicago","Cook County",84240
60804,"Cicero","Cook County",82797
60623,"Chicago","Cook County",81277
60608,"Chicago","Cook County",80737
60625,"Chicago","Cook County",76760
60617,"Chicago","Cook County",74790
60634,"Chicago","Cook County",73885
60085,"Waukegan","Lake County",72341
60657,"Chicago","Cook County",71904
60614,"Chicago","Cook County",70693
60641,"Chicago","Cook County",68894
60640,"Chicago","Cook County",65445
60620,"Chicago","Cook County",64871
60402,"Berwyn","Cook County",63721
60651,"Chicago","Cook County",63335
60073,"Round Lake","Lake County",62868
60609,"Chicago","Cook County",62028
60016,"Des Plaines","Cook County",60898
60628,"Chicago","Cook County",60431
60619,"Chicago","Cook County",59503
60505,"Aurora","Kane County",57199
60638,"Chicago","Cook County",57074
60453,"Oak Lawn","Cook County",56861
60056,"Mount Prospect","Cook County",55818
60630,"Chicago","Cook County",55486
60622,"Chicago","Cook County",54609
60616,"Chicago","Cook County",54308
61761,"Normal","McLean County",54075
60637,"Chicago","Cook County",52721
60148,"Lombard","DuPage County",52596
60613,"Chicago","Cook County",52244
60411,"Chicago Heights","Cook County",52175
60440,"Bolingbrook","Will County",51940
60004,"Arlington Heights","Cook County",51835
60120,"Elgin","Cook County",51225
60506,"Aurora","Kane County",50038
60626,"Chicago","Cook County",49662
60014,"Crystal Lake","McHenry County",48590
60123,"Elgin","Kane County",48379
60645,"Chicago","Cook County",48208
60435,"Joliet","Will County",48167
60649,"Chicago","Cook County",48056
60586,"Plainfield","Will County",47834
60126,"Elmhurst","DuPage County",47516
60644,"Chicago","Cook County",47210
60564,"Naperville","Will County",47016
60643,"Chicago","Cook County",45942
60010,"Barrington","Cook County",45747
60610,"Chicago","Cook County",44883
60047,"Lake Zurich","Lake County",44240
61265,"Moline","Rock Island County",43748
60201,"Evanston","Cook County",43744
60543,"Oswego","Kendall County",43047
60615,"Chicago","Cook County",42975
60089,"Buffalo Grove","Lake County",42872
60660,"Chicago","Cook County",42724
60115,"Dekalb","DeKalb County",42536
60188,"Carol Stream","DuPage County",42307
60540,"Naperville","DuPage County",42252
60659,"Chicago","Cook County",41728
60025,"Glenview","Cook County",41689
60446,"Romeoville","Will County",41672
60462,"Orland Park","Cook County",41456
60062,"Northbrook","Cook County",41406
60103,"Bartlett","DuPage County",41382
60707,"Elmwood Park","Cook County",41116
60652,"Chicago","Cook County",41074
61820,"Champaign","Champaign County",40599
61554,"Pekin","Tazewell County",40577
60565,"Naperville","DuPage County",40483
62040,"Granite City","Madison County",40404
60193,"Schaumburg","Cook County",40146
62704,"Springfield","Sangamon County",40046
60504,"Aurora","DuPage County",39358
60563,"Naperville","DuPage County",39330
60107,"Streamwood","Cook County",38886
60137,"Glen Ellyn","DuPage County",38696
60068,"Park Ridge","Cook County",38650
60110,"Carpentersville","Kane County",38558
60090,"Wheeling","Cook County",38298
60067,"Palatine","Cook County",38204
60611,"Chicago","Cook County",37705
60101,"Addison","DuPage County",37448
60451,"New Lenox","Will County",37361
60060,"Mundelein","Lake County",37344
61704,"Bloomington","McLean County",37279
60031,"Gurnee","Lake County",37107
60441,"Lockport","Will County",36844
61201,"Rock Island","Rock Island County",36766
60133,"Hanover Park","DuPage County",36732
60074,"Palatine","Cook County",36460
60605,"Chicago","Cook County",36210
60477,"Tinley Park","Cook County",35976
62269,"O'Fallon","St. Clair County",35923
60030,"Grayslake","Lake County",35792
60612,"Chicago","Cook County",35744
62025,"Edwardsville","Madison County",35520
60624,"Chicago","Cook County",35263
61701,"Bloomington","McLean County",35136
60409,"Calumet City","Cook County",35100
60046,"Lake Villa","Lake County",34613
60185,"West Chicago","DuPage County",33703
61008,"Belvidere","Boone County",33582
60169,"Hoffman Estates","Cook County",33401
60653,"Chicago","Cook County",33383
60517,"Woodridge","DuPage County",33156
60098,"Woodstock","McHenry County",33130
60901,"Kankakee","Kankakee County",33128
60076,"Skokie","Cook County",32953
60302,"Oak Park","Cook County",32862
60139,"Glendale Heights","DuPage County",32848
60423,"Frankfort","Will County",32836
62521,"Decatur","Macon County",32665
60007,"Elk Grove Village","Cook County",32592
61832,"Danville","Vermilion County",32450
60607,"Chicago","Cook County",32392
60202,"Evanston","Cook County",32341
60102,"Algonquin","McHenry County",32286
60636,"Chicago","Cook County",32198
60050,"Mchenry","McHenry County",31781
62234,"Collinsville","Madison County",31648
60174,"Saint Charles","Kane County",31402
60525,"La Grange","Cook County",31324
60189,"Wheaton","DuPage County",31042
62702,"Springfield","Sangamon County",31033
60631,"Chicago","Cook County",30924
60099,"Zion","Lake County",30881
61107,"Rockford","Winnebago County",30765
62301,"Quincy","Adams County",30746
61401,"Galesburg","Knox County",30580
60538,"Montgomery","Kendall County",30514
62526,"Decatur","Macon County",30483
60035,"Highland Park","Lake County",30398
61108,"Rockford","Winnebago County",30355
60181,"Villa Park","DuPage County",30346
60714,"Niles","Cook County",30305
62221,"Belleville","St. Clair County",29875
60515,"Downers Grove","DuPage County",29762
60134,"Geneva","Kane County",29743
60142,"Huntley","McHenry County",29692
62002,"Alton","Madison County",29543
60656,"Chicago","Cook County",29538
60048,"Libertyville","Lake County",29124
60510,"Batavia","Kane County",29038
60527,"Willowbrook","DuPage County",29028
61032,"Freeport","Stephenson County",29020
62703,"Springfield","Sangamon County",28922
60005,"Arlington Heights","Cook County",28843
60187,"Wheaton","DuPage County",28815
60438,"Lansing","Cook County",28806
60156,"Lake In The Hills","McHenry County",28800
60560,"Yorkville","Kendall County",28795
60646,"Chicago","Cook County",28780
60459,"Burbank","Cook County",28739
60914,"Bourbonnais","Kankakee County",28673
61821,"Champaign","Champaign County",28611
60532,"Lisle","DuPage County",28547
60077,"Skokie","Cook County",28501
60655,"Chicago","Cook County",28434
61604,"Peoria","Peoria County",28313
60621,"Chicago","Cook County",28301
62226,"Belleville","St. Clair County",28255
60015,"Deerfield","Lake County",28096
60516,"Downers Grove","DuPage County",28062
60061,"Vernon Hills","Lake County",27974
60018,"Des Plaines","Cook County",27952
61801,"Urbana","Champaign County",27891
62959,"Marion","Williamson County",27793
61822,"Champaign","Champaign County",27642
61614,"Peoria","Peoria County",27370
60091,"Wilmette","Cook County",27333
60544,"Plainfield","Will County",27306
60087,"Waukegan","Lake County",27293
60431,"Joliet","Will County",27138
61109,"Rockford","Winnebago County",26768
60452,"Oak Forest","Cook County",26739
60013,"Cary","McHenry County",26694
60487,"Tinley Park","Cook County",26043
60585,"Plainfield","Will County",25960
60654,"Chicago","Cook County",25755
60175,"Saint Charles","Kane County",25553
62650,"Jacksonville","Morgan County",24821
60827,"Riverdale","Cook County",24713
60051,"Mchenry","McHenry County",24621
60053,"Morton Grove","Cook County",24619
60160,"Melrose Park","Cook County",24549
60124,"Elgin","Kane County",24487
61571,"Washington","Tazewell County",24470
60177,"South Elgin","Kane County",24416
60448,"Mokena","Will County",24405
60467,"Orland Park","Cook County",24398
60706,"Harwood Heights","Cook County",24260
60002,"Antioch","Lake County",24232
60559,"Westmont","DuPage County",24231
60439,"Lemont","Cook County",24192
60172,"Roselle","DuPage County",24141
61611,"East Peoria","Tazewell County",24040
60426,"Harvey","Cook County",23906
61350,"Ottawa","LaSalle County",23713
60108,"Bloomingdale","DuPage County",23604
61615,"Peoria","Peoria County",23523
60406,"Blue Island","Cook County",23327
60502,"Aurora","DuPage County",23308
61244,"East Moline","Rock Island County",23308
61111,"Loves Park","Winnebago County",23286
60153,"Maywood","Cook County",23201
60561,"Darien","DuPage County",23069
62901,"Carbondale","Jackson County",22946
61103,"Rockford","Winnebago County",22869
60008,"Rolling Meadows","Cook County",22800
62864,"Mount Vernon","Jefferson County",22779
60491,"Homer Glen","Will County",22757
60140,"Hampshire","Kane County",22689
61115,"Machesney Park","Winnebago County",22364
61021,"Dixon","Lee County",22308
60178,"Sycamore","DeKalb County",22224
60490,"Bolingbrook","Will County",22156
60803,"Alsip","Cook County",22106
60642,"Chicago","Cook County",21789
60466,"Park Forest","Cook County",21461
60473,"South Holland","Cook County",21225
60045,"Lake Forest","Lake County",21074
61920,"Charleston","Coles County",20951
60164,"Melrose Park","Cook County",20872
61081,"Sterling","Whiteside County",20844
60419,"Dolton","Cook County",20825
60450,"Morris","Grundy County",20783
60443,"Matteson","Cook County",20663
60432,"Joliet","Will County",20465
60404,"Shorewood","Will County",20385
61938,"Mattoon","Coles County",20350
61802,"Urbana","Champaign County",20293
61073,"Roscoe","Winnebago County",20194
60106,"Bensenville","DuPage County",20045
60093,"Winnetka","Cook County",19867
60430,"Homewood","Cook County",19838
62801,"Centralia","Marion County",19827
60194,"Schaumburg","Cook County",19756
60436,"Joliet","Will County",19423
60805,"Evergreen Park","Cook County",19420
60513,"Brookfield","Cook County",19343
61101,"Rockford","Winnebago County",19318
62401,"Effingham","Effingham County",19273
62220,"Belleville","St. Clair County",19152
62305,"Quincy","Adams County",19036
60542,"North Aurora","Kane County",18932
61550,"Morton","Tazewell County",18792
62711,"Springfield","Sangamon County",18559
60403,"Crest Hill","Will County",18371
60104,"Bellwood","Cook County",18256
62656,"Lincoln","Logan County",18234
62298,"Waterloo","Monroe County",18208
60465,"Palos Hills","Cook County",18081
60521,"Hinsdale","DuPage County",18056
60131,"Franklin Park","Cook County",18054
61364,"Streator","LaSalle County",17963
61455,"Macomb","McDonough County",17317
61104,"Rockford","Winnebago County",17222
60084,"Wauconda","Lake County",17192
60304,"Oak Park","Cook County",16955
60455,"Bridgeview","Cook County",16872
62208,"Fairview Heights","St. Clair County",16821
60503,"Aurora","Will County",16789
60192,"Hoffman Estates","Cook County",16461
60154,"Westchester","Cook County",16436
60478,"Country Club Hills","Cook County",16390
60433,"Joliet","Will County",16382
60546,"Riverside","Cook County",16322
61520,"Canton","Fulton County",16291
62223,"Belleville","St. Clair County",16269
62249,"Highland","Madison County",16205
60447,"Minooka","Kendall County",16102
62568,"Taylorville","Christian County",15952
61102,"Rockford","Winnebago County",15937
60118,"Dundee","Kane County",15892
62035,"Godfrey","Madison County",15892
60070,"Prospect Heights","Cook County",15496
62629,"Chatham","Sangamon County",15413
61603,"Peoria","Peoria County",15356
61114,"Rockford","Winnebago County",15325
62294,"Troy","Madison County",15325
60601,"Chicago","Cook County",15235
60555,"Warrenville","DuPage County",15223
62522,"Decatur","Macon County",15185
60417,"Crete","Will County",14901
60064,"North Chicago","Lake County",14884
62034,"Glen Carbon","Madison County",14870
60429,"Hazel Crest","Cook County",14864
61853,"Mahomet","Champaign County",14831
61068,"Rochelle","Ogle County",14788
60457,"Hickory Hills","Cook County",14503
60088,"Great Lakes","Lake County",14400
60191,"Wood Dale","DuPage County",14396
60545,"Plano","Kendall County",14392
60445,"Midlothian","Cook County",14268
60410,"Channahon","Will County",14239
60458,"Justice","Cook County",14200
62236,"Columbia","Monroe County",14154
60415,"Chicago Ridge","Cook County",14099
60026,"Glenview","Cook County",14069
62966,"Murphysboro","Jackson County",13945
60130,"Forest Park","Cook County",13943
60442,"Manhattan","Will County",13753
60463,"Palos Heights","Cook County",13722
61764,"Pontiac","Livingston County",13668
60173,"Schaumburg","Cook County",13650
61071,"Rock Falls","Whiteside County",13581
61866,"Rantoul","Champaign County",13470
60526,"La Grange Park","Cook County",13459
61443,"Kewanee","Henry County",13456
60558,"Western Springs","Cook County",13446
61605,"Peoria","Peoria County",13424
61705,"Bloomington","McLean County",13213
60712,"Lincolnwood","Cook County",13112
60033,"Harvard","McHenry County",12999
62206,"East Saint Louis","St. Clair County",12959
60471,"Richton Park","Cook County",12848
62948,"Herrin","Williamson County",12758
60633,"Chicago","Cook County",12474
60152,"Marengo","McHenry County",12417
60012,"Crystal Lake","McHenry County",12368
61525,"Dunlap","Peoria County",12357
62450,"Olney","Richland County",12327
62052,"Jerseyville","Jersey County",12237
61254,"Geneseo","Henry County",12135
60554,"Sugar Grove","Kane County",12081
61548,"Metamora","Woodford County",12037
60305,"River Forest","Cook County",11992
60097,"Wonder Lake","McHenry County",11983
60950,"Manteno","Kankakee County",11964
60190,"Winfield","DuPage County",11826
60548,"Sandwich","DeKalb County",11721
62812,"Benton","Franklin County",11611
60501,"Summit Argo","Cook County",11432
60661,"Chicago","Cook County",11398
60176,"Schiller Park","Cook County",11393
60119,"Elburn","Kane County",11381
60143,"Itasca","DuPage County",11324
61072,"Rockton","Winnebago County",11285
61944,"Paris","Edgar County",11261
62946,"Harrisburg","Saline County",11256
60481,"Wilmington","Will County",11195
62881,"Salem","Marion County",11078
62010,"Bethalto","Madison County",11028
60020,"Fox Lake","Lake County",10970
61080,"South Beloit","Winnebago County",10955
60428,"Markham","Cook County",10927
60482,"Worth","Cook County",10897
61356,"Princeton","Bureau County",10799
62960,"Metropolis","Massac County",10783
62095,"Wood River","Madison County",10726
62918,"Carterville","Williamson County",10658
62896,"West Frankfort","Franklin County",10627
61607,"Peoria","Peoria County",10600
60418,"Crestwood","Cook County",10572
61065,"Poplar Grove","Boone County",10570
62454,"Robinson","Crawford County",10477
61462,"Monmouth","Warren County",10458
60171,"River Grove","Cook County",10451
62258,"Mascoutah","St. Clair County",10437
61301,"La Salle","LaSalle County",10398
60534,"Lyons","Cook County",10327
60044,"Lake Bluff","Lake County",10312
61354,"Peru","LaSalle County",10290
61523,"Chillicothe","Peoria County",10203
60523,"Oak Brook","DuPage County",10144
62246,"Greenville","Bond County",10077
61264,"Milan","Rock Island County",10073
62712,"Springfield","Sangamon County",10045
60475,"Steger","Cook County",10035
60083,"Wadsworth","Lake County",9981
60915,"Bradley","Kankakee County",9979
62471,"Vandalia","Fayette County",9937
60514,"Clarendon Hills","DuPage County",9918
60464,"Palos Park","Cook County",9773
60416,"Coal City","Grundy County",9550
60422,"Flossmoor","Cook County",9542
62024,"East Alton","Madison County",9493
60449,"Monee","Will County",9477
62863,"Mount Carmel","Wabash County",9379
60081,"Spring Grove","McHenry County",9088
61727,"Clinton","De Witt County",9033
60041,"Ingleside","Lake County",9024
62832,"Du Quoin","Perry County",8865
61874,"Savoy","Champaign County",8811
60136,"Gilberts","Kane County",8777
60425,"Glenwood","Cook County",8714
61342,"Mendota","LaSalle County",8543
62056,"Litchfield","Montgomery County",8528
60069,"Lincolnshire","Lake County",8502
61282,"Silvis","Rock Island County",8394
60022,"Glencoe","Cook County",8352
60042,"Island Lake","Lake County",8347
62233,"Chester","Randolph County",8326
62062,"Maryville","Madison County",8277
61856,"Monticello","Piatt County",8226
60162,"Hillside","Cook County",8084
62274,"Pinckneyville","Perry County",8041
60155,"Broadview","Cook County",7906
62626,"Carlinville","Macoupin County",7876
62049,"Hillsboro","Montgomery County",7871
62837,"Fairfield","Wayne County",7868
61834,"Danville","Vermilion County",7821
61951,"Sullivan","Moultrie County",7787
61341,"Marseilles","LaSalle County",7692
60401,"Beecher","Will County",7647
62565,"Shelbyville","Shelby County",7559
61010,"Byron","Ogle County",7497
62707,"Springfield","Sangamon County",7472
62618,"Beardstown","Cass County",7428
62906,"Anna","Union County",7329
60135,"Genoa","DeKalb County",7274
61036,"Galena","Jo Daviess County",7121
62232,"Caseyville","St. Clair County",7063
62439,"Lawrenceville","Lawrence County",7033
62441,"Marshall","Clark County",7003
62207,"East Saint Louis","St. Clair County",6984
61270,"Morrison","Whiteside County",6912
62557,"Pana","Christian County",6878
61061,"Oregon","Ogle County",6766
60484,"University Park","Will County",6762
62254,"Lebanon","St. Clair County",6710
61606,"Peoria","Peoria County",6684
62012,"Brighton","Jersey County",6672
62260,"Millstadt","St. Clair County",6668
62821,"Carmi","White County",6668
61241,"Colona","Henry County",6587
60096,"Winthrop Harbor","Lake County",6527
61953,"Tuscola","Douglas County",6518
61530,"Eureka","Woodford County",6470
62205,"East Saint Louis","St. Clair County",6459
62549,"Mt Zion","Macon County",6454
62243,"Freeburg","St. Clair County",6418
62088,"Staunton","Macoupin County",6400
62230,"Breese","Clinton County",6377
62231,"Carlyle","Clinton County",6377
62995,"Vienna","Johnson County",6339
62278,"Red Bud","Monroe County",6281
62839,"Flora","Clay County",6183
62675,"Petersburg","Menard County",6170
61088,"Winnebago","Winnebago County",6167
60970,"Watseka","Iroquois County",5991
61616,"Peoria Heights","Peoria County",5825
60468,"Peotone","Will County",5809
61240,"Coal Valley","Rock Island County",5795
61873,"Saint Joseph","Champaign County",5779
62563,"Rochester","Sangamon County",5766
61362,"Spring Valley","Bureau County",5764
62930,"Eldorado","Saline County",5761
62684,"Sherman","Sangamon County",5760
60954,"Momence","Kankakee County",5742
60942,"Hoopeston","Vermilion County",5657
60957,"Paxton","Ford County",5596
62363,"Pittsfield","Pike County",5561
62681,"Rushville","Schuyler County",5553
62286,"Sparta","Randolph County",5491
61016,"Cherry Valley","Winnebago County",5465
62203,"East Saint Louis","St. Clair County",5465
61252,"Fulton","Whiteside County",5437
60480,"Willow Springs","Cook County",5388
62448,"Newton","Jasper County",5356
62951,"Johnston City","Williamson County",5342
60408,"Braidwood","Will County",5327
60040,"Highwood","Lake County",5301
62225,"Scott Air Force Base","St. Clair County",5242
60469,"Posen","Cook County",5205
60163,"Berkeley","Cook County",5199
62615,"Auburn","Sangamon County",5198
62353,"Mount Sterling","Brown County",5066
60551,"Sheridan","LaSalle County",5058
62859,"McLeansboro","Hamilton County",5004
60021,"Fox River Grove","McHenry County",4996
61231,"Aledo","Mercer County",4962
62201,"East Saint Louis","St. Clair County",4921
62561,"Riverton","Sangamon County",4842
62263,"Nashville","Washington County",4819
60964,"Saint Anne","Kankakee County",4777
61910,"Arcola","Douglas County",4769
60461,"Olympia Fields","Cook County",4761
60420,"Dwight","Livingston County",4682
60203,"Evanston","Cook County",4680
61739,"Fairbury","Livingston County",4628
60112,"Cortland","DeKalb County",4621
61610,"Creve Coeur","Tazewell County",4621
62644,"Havana","Mason County",4615
60472,"Robbins","Cook County",4563
62265,"New Baden","Clinton County",4555
61745,"Heyworth","McLean County",4542
61911,"Arthur","Moultrie County",4508
61568,"Tremont","Tazewell County",4483
60165,"Stone Park","Cook County",4482
61846,"Georgetown","Vermilion County",4467
62293,"Trenton","Clinton County",4433
60195,"Schaumburg","Cook County",4397
61883,"Westville","Vermilion County",4384
61348,"Oglesby","LaSalle County",4375
61880,"Tolono","Champaign County",4367
61755,"Mackinaw","Tazewell County",4364
61752,"Le Roy","McLean County",4332
62420,"Casey","Clark County",4299
61025,"East Dubuque","Jo Daviess County",4294
62033,"Gillespie","Macoupin County",4294
60552,"Somonauk","DeKalb County",4285
61275,"Port Byron","Rock Island County",4253
62411,"Altamont","Effingham County",4249
60936,"Gibson City","Ford County",4246
62285,"Smithton","St. Clair County",4239
62239,"Dupo","St. Clair County",4232
60456,"Hometown","Cook County",4215
62902,"Carbondale","Williamson County",4135
61738,"El Paso","Woodford County",4099
62204,"East Saint Louis","St. Clair County",4055
61063,"Pecatonica","Winnebago County",4011
62466,"Sumner","Lawrence County",4001
61074,"Savanna","Carroll County",3962
61448,"Knoxville","Knox County",3947
60151,"Maple Park","Kane County",3888
62016,"Carrollton","Greene County",3882
60071,"Richmond","McHenry County",3851
61546,"Manito","Tazewell County",3849
60606,"Chicago","Cook County",3840
61410,"Abingdon","Knox County",3838
62690,"Virden","Macoupin County",3838
61048,"Lena","Stephenson County",3786
61064,"Polo","Ogle County",3757
62467,"Teutopolis","Effingham County",3710
62014,"Bunker Hill","Macoupin County",3669
60421,"Elwood","Will County",3649
62558,"Pawnee","Sangamon County",3639
61054,"Mount Morris","Ogle County",3610
61360,"Seneca","LaSalle County",3610
62613,"Athens","Menard County",3598
61559,"Princeville","Peoria County",3595
62321,"Carthage","Hancock County",3576
61547,"Mapleton","Peoria County",3562
62060,"Madison","Madison County",3558
62858,"Louisville","Clay County",3554
61536,"Hanna City","Peoria County",3503
62535,"Forsyth","Macon County",3502
60301,"Oak Park","Cook County",3475
61019,"Davis","Stephenson County",3461
62806,"Albion","Edwards County",3436
62341,"Hamilton","Hancock County",3433
62640,"Girard","Macoupin County",3391
61310,"Amboy","Lee County",3347
60541,"Newark","Kendall County",3342
62075,"Nokomis","Montgomery County",3330
60940,"Grant Park","Kankakee County",3322
60518,"Earlville","LaSalle County",3289
61542,"Lewistown","Fulton County",3280
62080,"Ramsey","Fayette County",3255
61528,"Edwards","Peoria County",3212
62447,"Neoga","Cumberland County",3210
61084,"Stillman Valley","Ogle County",3201
62018,"Cottage Hills","Madison County",3184
62924,"De Soto","Jackson County",3168
62216,"Aviston","Clinton County",3156
61020,"Davis Junction","Ogle County",3149
61085,"Stockton","Jo Daviess County",3149
61273,"Orion","Henry County",3120
62264,"New Athens","St. Clair County",3097
62281,"Saint Jacob","Madison County",3059
61277,"Prophetstown","Whiteside County",3054
61517,"Brimfield","Peoria County",3033
62275,"Pocahontas","Bond County",3012
61531,"Farmington","Fulton County",3007
62694,"Winchester","Scott County",3006
61422,"Bushnell","McDonough County",3002
60520,"Hinckley","DeKalb County",2979
62097,"Worden","Madison County",2973
61434,"Galva","Henry County",2971
61956,"Villa Grove","Douglas County",2960
62920,"Cobden","Union County",2959
62939,"Goreville","Johnson County",2958
62449,"Oblong","Crawford County",2951
62664,"Mason City","Mason County",2922
62069,"Mount Olive","Macoupin County",2897
62550,"Moweaqua","Shelby County",2858
62952,"Jonesboro","Union County",2852
62417,"Bridgeport","Lawrence County",2848
61753,"Lexington","McLean County",2833
62288,"Steeleville","Randolph County",2820
62869,"Norris City","White County",2795
61046,"Lanark","Carroll County",2794
61250,"Erie","Whiteside County",2781
62428,"Greenup","Cumberland County",2777
61529,"Elmwood","Peoria County",2763
62884,"Sesser","Franklin County",2758
61540,"Lacon","Marshall County",2753
61537,"Henry","Marshall County",2743
61285,"Thomson","Carroll County",2728
62670,"New Berlin","Sangamon County",2682
61011,"Caledonia","Boone County",2676
61748,"Hudson","McLean County",2675
61736,"Downs","McLean County",2673
62442,"Martinsville","Clark County",2671
62320,"Camp Point","Adams County",2667
62903,"Carbondale","Jackson County",2666
61858,"Oakwood","Vermilion County",2639
62938,"Golconda","Pope County",2622
61842,"Farmer City","De Witt County",2620
62922,"Creal Springs","Williamson County",2608
61284,"Taylor Ridge","Rock Island County",2599
61053,"Mount Carroll","Carroll County",2590
62822,"Christopher","Franklin County",2581
60157,"Medinah","DuPage County",2577
60184,"Wayne","DuPage County",2557
61238,"Cambridge","Henry County",2549
61726,"Chenoa","McLean County",2546
61756,"Maroa","Macon County",2542
61281,"Sherrard","Mercer County",2520
60043,"Kenilworth","Cook County",2503
62424,"Dieterich","Effingham County",2500
60145,"Kingston","DeKalb County",2464
61734,"Delavan","Tazewell County",2443
61533,"Glasford","Peoria County",2441
62092,"White Hall","Greene County",2431
61561,"Roanoke","Woodford County",2393
62890,"Thompsonville","Franklin County",2377
60146,"Kirkland","DeKalb County",2369
62237,"Coulterville","Perry County",2367
62691,"Virginia","Cass County",2349
62468,"Toledo","Cumberland County",2344
61817,"Catlin","Vermilion County",2328
62501,"Argenta","Macon County",2324
61024,"Durand","Winnebago County",2318
62917,"Carrier Mills","Saline County",2303
60927,"Clifton","Iroquois County",2300
62870,"Odin","Marion County",2281
61924,"Chrisman","Edgar County",2274
62082,"Roodhouse","Greene County",2265
61012,"Capron","Boone County",2264
62326,"Colchester","McDonough County",2236
61491,"Wyoming","Stark County",2230
61760,"Minonk","Woodford County",2226
62067,"Moro","Madison County",2203
61030,"Forreston","Ogle County",2194
62087,"South Roxana","Madison County",2181
62935,"Galatia","Saline County",2178
62458,"Saint Elmo","Fayette County",2176
61744,"Gridley","McLean County",2157
60424,"Gardner","Grundy County",2153
62677,"Pleasant Plains","Sangamon County",2149
60556,"Waterman","DeKalb County",2138
61373,"Utica","LaSalle County",2123
62958,"Makanda","Jackson County",2103
61732,"Danvers","McLean County",2099
62548,"Mount Pulaski","Logan County",2090
60922,"Chebanse","Kankakee County",2088
60511,"Big Rock","Kane County",2081
60953,"Milford","Iroquois County",2075
62882,"Sandoval","Marion County",2057
62451,"Palestine","Crawford County",2055
62257,"Marissa","St. Clair County",2046
61813,"Bement","Piatt County",2043
62865,"Mulkeytown","Franklin County",2037
60938,"Gilman","Iroquois County",2035
60034,"Hebron","McHenry County",2033
62899,"Xenia","Clay County",2022
62218,"Bartelso","Clinton County",2018
61427,"Cuba","Fulton County",2014
62907,"Ava","Jackson County",2013
61723,"Atlanta","Logan County",2005
62692,"Waverly","Morgan County",2005
61864,"Philo","Champaign County",2003
62926,"Dongola","Union County",1998
62910,"Brookport","Massac County",1993
62347,"Liberty","Adams County",1977
62898,"Woodlawn","Jefferson County",1968
62262,"Mulberry Grove","Bond County",1967
61849,"Homer","Champaign County",1961
62895,"Wayne City","Wayne County",1960
60955,"Onarga","Iroquois County",1953
61326,"Granville","Putnam County",1953
60476,"Thornton","Cook County",1940
62844,"Grayville","White County",1937
61843,"Fisher","Champaign County",1934
62312,"Barry","Pike County",1931
62351,"Mendon","Adams County",1928
61256,"Hampton","Rock Island County",1926
62215,"Albers","Clinton County",1917
60444,"Mazon","Grundy County",1901
61376,"Walnut","Bureau County",1894
62849,"Iuka","Marion County",1887
60531,"Leland","LaSalle County",1885
62271,"Okawville","Washington County",1873
62001,"Alhambra","Madison County",1869
62245,"Germantown","Clinton County",1861
62379,"Warsaw","Hancock County",1854
62044,"Greenfield","Greene County",1852
62888,"Tamaroa","Perry County",1843
61062,"Pearl City","Stephenson County",1840
62554,"Oreana","Macon County",1832
60180,"Union","McHenry County",1831
62854,"Kinmundy","Marion County",1827
62823,"Cisne","Wayne County",1823
61469,"Oquawka","Henderson County",1818
62531,"Edinburg","Christian County",1816
62037,"Grafton","Jersey County",1814
60407,"Braceville","Grundy County",1812
61450,"La Harpe","Hancock County",1812
62418,"Brownstown","Fayette County",1809
61483,"Toulon","Stark County",1801
62828,"Dahlgren","Hamilton County",1801
62846,"Ina","Jefferson County",1798
62240,"East Carondelet","St. Clair County",1796
62414,"Beecher City","Fayette County",1783
61937,"Lovington","Moultrie County",1782
61914,"Bethany","Moultrie County",1771
62914,"Cairo","Alexander County",1765
61535,"Groveland","Tazewell County",1748
60150,"Malta","DeKalb County",1738
62427,"Flat Rock","Crawford County",1730
62983,"Royalton","Franklin County",1728
61534,"Green Valley","Tazewell County",1725
62987,"Stonefort","Pope County",1724
62009,"Benld","Macoupin County",1723
61957,"Windsor","Shelby County",1707
60958,"Pembroke Township","Kankakee County",1698
60913,"Bonfield","Kankakee County",1683
61028,"Elizabeth","Jo Daviess County",1683
62510,"Assumption","Christian County",1677
62693,"Williamsville","Sangamon County",1677
62340,"Griggsville","Pike County",1673
62685,"Shipman","Macoupin County",1670
62544,"Macon","Macon County",1668
62814,"Bluford","Jefferson County",1668
60948,"Loda","Iroquois County",1660
62242,"Evansville","Randolph County",1660
61833,"Tilton","Vermilion County",1658
62520,"Dawson","Sangamon County",1652
62084,"Roxana","Madison County",1631
60941,"Herscher","Kankakee County",1627
61402,"Galesburg","Knox County",1623
61047,"Leaf River","Ogle County",1622
62443,"Mason","Effingham County",1609
62360,"Payson","Adams County",1605
62808,"Ashley","Washington County",1602
61369,"Toluca","Marshall County",1594
61087,"Warren","Jo Daviess County",1588
60924,"Cissna Park","Iroquois County",1565
61818,"Cerro Gordo","Piatt County",1560
62530,"Divernon","Sangamon County",1558
61060,"Orangeville","Stephenson County",1554
61741,"Forrest","Livingston County",1549
62047,"Hardin","Calhoun County",1548
61742,"Goodfield","Woodford County",1542
61006,"Ashton","Lee County",1541
62974,"Pittsburg","Williamson County",1536
61322,"Depue","Bureau County",1530
62272,"Percy","Randolph County",1521
62546,"Morrisonville","Christian County",1521
62912,"Buncombe","Johnson County",1515
61570,"Washburn","Woodford County",1503
61501,"Astoria","Fulton County",1493
61031,"Franklin Grove","Lee County",1492
62061,"Marine","Madison County",1487
62638,"Franklin","Morgan County",1485
62824,"Clay City","Clay County",1485
60602,"Chicago","Cook County",1480
62330,"Dallas City","Hancock County",1472
61051,"Milledgeville","Carroll County",1469
61232,"Andalusia","Rock Island County",1469
62868,"Noble","Richland County",1463
60963,"Rossville","Vermilion County",1460
61078,"Shannon","Carroll County",1459
61415,"Avon","Fulton County",1459
61725,"Carlock","Woodford County",1459
62295,"Valmeyer","Monroe County",1459
60921,"Chatsworth","Livingston County",1458
62366,"Pleasant Hill","Pike County",1450
62354,"Nauvoo","Hancock County",1447
62674,"Palmyra","Macoupin County",1447
62560,"Raymond","Montgomery County",1446
61327,"Hennepin","Putnam County",1442
61377,"Wenona","LaSalle County",1441
61747,"Hopedale","Tazewell County",1441
61272,"New Boston","Mercer County",1437
61361,"Sheffield","Bureau County",1417
62830,"Dix","Jefferson County",1416
62539,"Illiopolis","Sangamon County",1412
60460,"Odell","Livingston County",1399
62612,"Ashland","Cass County",1398
62835,"Enfield","White County",1398
61943,"Oakland","Coles County",1396
62642,"Greenview","Menard County",1396
62984,"Shawneetown","Gallatin County",1393
61412,"Alexis","Mercer County",1392
62513,"Blue Mound","Christian County",1391
60966,"Sheldon","Iroquois County",1385
62028,"Elsah","Jersey County",1385
61740,"Flanagan","Livingston County",1377
61728,"Colfax","McLean County",1359
61759,"Minier","Tazewell County",1359
62555,"Owaneco","Christian County",1358
61329,"Ladd","Bureau County",1356
61931,"Humboldt","Coles County",1350
62931,"Elizabethtown","Hardin County",1348
62048,"Hartford","Madison County",1347
62838,"Farina","Fayette County",1341
61041,"Hanover","Jo Daviess County",1338
61486,"Viola","Mercer County",1330
60911,"Ashkum","Iroquois County",1325
61070,"Rock City","Stephenson County",1322
62086,"Sorento","Bond County",1318
61913,"Atwood","Piatt County",1300
61854,"Mansfield","Piatt County",1299
60603,"Chicago","Cook County",1298
62540,"Kincaid","Christian County",1297
62367,"Plymouth","Hancock County",1294
61319,"Cornell","Livingston County",1286
61933,"Kansas","Edgar County",1286
61776,"Towanda","McLean County",1285
61235,"Atkinson","Henry County",1283
61353,"Paw Paw","Lee County",1282
61473,"Roseville","Warren County",1279
61428,"Dahinda","Knox County",1278
62376,"Ursa","Adams County",1276
61038,"Garden Prairie","Boone County",1274
61368,"Tiskilwa","Bureau County",1273
61283,"Tampico","Whiteside County",1269
62571,"Tower Hill","Shelby County",1269
62999,"Zeigler","Franklin County",1267
62473,"Watson","Effingham County",1264
61729,"Congerville","Woodford County",1263
62634,"Elkhart","Logan County",1263
61565,"Sparland","Marshall County",1262
61379,"Wyanet","Bureau County",1260
60935,"Essex","Kankakee County",1259
61912,"Ashmore","Coles County",1255
62668,"Murrayville","Morgan County",1249
61480,"Stronghurst","Henderson County",1236
61421,"Bradford","Stark County",1231
61859,"Ogden","Champaign County",1227
61001,"Apple River","Jo Daviess County",1226
62476,"West Salem","Edwards County",1222
62665,"Meredosia","Morgan County",1222
61370,"Tonica","LaSalle County",1215
62661,"Loami","Sangamon County",1212
62074,"New Douglas","Madison County",1205
62701,"Springfield","Sangamon County",1205
62460,"Saint Francisville","Lawrence County",1202
61262,"Lynn Center","Henry County",1197
62324,"Clayton","Adams County",1196
61465,"New Windsor","Mercer County",1192
61239,"Carbon Cliff","Rock Island County",1189
62810,"Belle Rive","Jefferson County",1188
62410,"Allendale","Wabash County",1183
61330,"La Moille","Bureau County",1182
61925,"Dalton City","Macon County",1182
62956,"Karnak","Massac County",1172
61865,"Potomac","Vermilion County",1167
61602,"Peoria","Peoria County",1163
61942,"Newman","Douglas County",1161
61467,"Oneida","Knox County",1159
61814,"Bismarck","Vermilion County",1155
62872,"Opdyke","Jefferson County",1153
62932,"Elkville","Jackson County",1152
61349,"Ohio","Bureau County",1151
62988,"Tamms","Alexander County",1149
62573,"Warrensburg","Macon County",1147
62827,"Crossville","White County",1147
61052,"Monroe Center","Ogle County",1145
61847,"Gifford","Champaign County",1144
62433,"Hutsonville","Crawford County",1140
61242,"Cordova","Rock Island County",1135
62621,"Bluffs","Scott County",1133
62816,"Bonnie","Jefferson County",1133
62803,"Hoyleton","Washington County",1132
61754,"McLean","McLean County",1131
62985,"Simpson","Pope County",1128
61878,"Thomasboro","Champaign County",1127
62017,"Coffeen","Montgomery County",1127
61234,"Annawan","Henry County",1116
61841,"Fairmount","Vermilion County",1112
62964,"Mounds","Pulaski County",1109
62094,"Witt","Montgomery County",1107
62440,"Lerna","Coles County",1107
61771,"Secor","Woodford County",1106
61877,"Sidney","Champaign County",1106
61526,"Edelstein","Peoria County",1105
62463,"Stewardson","Shelby County",1103
62046,"Hamel","Madison County",1102
62545,"Mechanicsburg","Sangamon County",1101
62933,"Energy","Williamson County",1101
62255,"Lenzburg","St. Clair County",1092
60512,"Bristol","Kendall County",1090
62022,"Dow","Jersey County",1088
61870,"Ridge Farm","Vermilion County",1085
61488,"Wataga","Knox County",1084
62338,"Fowler","Adams County",1075
61014,"Chadwick","Carroll County",1067
61770,"Saybrook","McLean County",1067
62889,"Texico","Jefferson County",1066
62972,"Ozark","Johnson County",1056
61259,"Illinois City","Rock Island County",1053
62536,"Glenarm","Sangamon County",1049
62214,"Addieville","Washington County",1048
62611,"Arenzville","Cass County",1047
62534,"Findlay","Shelby County",1041
61230,"Albany","Whiteside County",1039
62090,"Venice","Madison County",1039
62875,"Patoka","Marion County",1039
61413,"Alpha","Henry County",1035
61490,"Woodhull","Henry County",1035
61018,"Dakota","Stephenson County",1034
61844,"Fithian","Vermilion County",1031
62355,"Nebo","Pike County",1026
61447,"Kirkwood","Warren County",1020
62982,"Rosiclare","Hardin County",1016
61279,"Reynolds","Mercer County",1015
62627,"Chandlerville","Cass County",1006
62625,"Cantrall","Sangamon County",1003
62219,"Beckemeyer","Clinton County",993
60530,"Lee","Lee County",992
61375,"Varna","Marshall County",989
61075,"Scales Mound","Jo Daviess County",986
62445,"Montrose","Jasper County",986
61733,"Deer Creek","Tazewell County",984
61884,"White Heath","Piatt County",973
62990,"Thebes","Alexander County",973
62462,"Sigel","Shelby County",971
62339,"Golden","Adams County",970
62853,"Kell","Marion County",969
61420,"Blandinsville","McDonough County",968
61777,"Wapella","De Witt County",956
61325,"Grand Ridge","LaSalle County",949
61774,"Stanford","McLean County",949
60960,"Rankin","Vermilion County",946
61441,"Ipava","Fulton County",945
60550,"Shabbona","DeKalb County",941
62277,"Prairie Du Rocher","Randolph County",940
61569,"Trivoli","Peoria County",938
61564,"South Pekin","Tazewell County",936
62253,"Keyesport","Bond County",932
62979,"Ridgway","Gallatin County",930
62244,"Fults","Monroe County",928
62422,"Cowden","Shelby County",926
62893,"Walnut Hill","Jefferson County",926
62916,"Campbell Hill","Jackson County",925
62630,"Chesterfield","Macoupin County",924
62628,"Chapin","Morgan County",917
62533,"Farmersville","Montgomery County",908
60959,"Piper City","Ford County",904
62515,"Buffalo","Sangamon County",902
61015,"Chana","Ogle County",901
62836,"Ewing","Franklin County",891
62058,"Livingston","Madison County",884
62241,"Ellis Grove","Randolph County",879
62311,"Augusta","Hancock County",872
62021,"Dorsey","Madison County",871
60072,"Ringwood","McHenry County",870
62871,"Omaha","Gallatin County",866
62378,"Versailles","Brown County",863
62026,"Edwardsville","Madison County",851
61875,"Seymour","Champaign County",846
61257,"Hillsdale","Rock Island County",844
61863,"Pesotum","Champaign County",844
61367,"Sublette","Lee County",843
62425,"Dundas","Richland County",838
62934,"Equality","Gallatin County",833
62567,"Stonington","Christian County",831
61039,"German Valley","Stephenson County",824
61489,"Williamsfield","Knox County",820
62551,"Niantic","Macon County",820
62919,"Cave In Rock","Hardin County",819
62465,"Strasburg","Shelby County",806
62643,"Hartsburg","Logan County",797
60951,"Martinton","Iroquois County",796
62063,"Medora","Jersey County",795
62051,"Irving","Montgomery County",791
60549,"Serena","LaSalle County",784
61544,"London Mills","Fulton County",784
62894,"Waltonville","Jefferson County",782
62905,"Alto Pass","Union County",779
62426,"Edgewood","Clay County",778
61882,"Weldon","De Witt County",777
61928,"Gays","Moultrie County",776
61345,"Neponset","Bureau County",770
62217,"Baldwin","Randolph County",767
62807,"Alma","Marion County",767
62032,"Fillmore","Montgomery County",765
62268,"Oakdale","Washington County",764
62292,"Tilden","Randolph County",762
60930,"Danforth","Iroquois County",761
60918,"Buckley","Iroquois County",754
61436,"Gilson","Knox County",745
61440,"Industry","McDonough County",744
60961,"Reddick","Kankakee County",740
61438,"Good Hope","McDonough County",739
61334,"Lostant","LaSalle County",738
61484,"Vermont","Fulton County",738
62848,"Irvington","Washington County",738
61260,"Joy","Mercer County",737
62994,"Vergennes","Jackson County",737
61572,"Yates City","Knox County",732
62059,"Lovejoy","St. Clair County",729
61919,"Camargo","Douglas County",728
61320,"Dalzell","Bureau County",727
60537,"Millington","LaSalle County",726
62842,"Geff","Wayne County",724
60553,"Steward","Lee County",722
61545,"Lowpoint","Woodford County",722
61876,"Sidell","Vermilion County",717
62431,"Herrick","Shelby County",717
61430,"East Galesburg","Knox County",713
62480,"Willow Hill","Jasper County",713
62963,"Mound City","Pulaski County",713
62479,"Wheeler","Jasper County",711
62523,"Decatur","Macon County",707
62316,"Bowen","Hancock County",705
62949,"Hurst","Williamson County",702
61414,"Altona","Knox County",696
61336,"Magnolia","Putnam County",694
62850,"Johnsonville","Wayne County",693
62883,"Scheller","Jefferson County",693
61013,"Cedarville","Stephenson County",690
61930,"Hindsboro","Douglas County",687
61314,"Buda","Bureau County",686
62284,"Smithboro","Bond County",686
62682,"San Jose","Mason County",684
60952,"Melvin","Ford County",683
61278,"Rapids City","Rock Island County",678
62688,"Tallula","Menard County",678
61453,"Little York","Warren County",677
61425,"Carman","Henderson County",672
61929,"Hammond","Piatt County",672
60479,"Verona","Grundy County",671
62006,"Batchtown","Calhoun County",667
60474,"South Wilmington","Grundy County",663
62635,"Emden","Logan County",661
61722,"Arrowsmith","McLean County",658
62880,"Saint Peter","Fayette County",658
61263,"Matherville","Mercer County",657
61261,"Lyndon","Whiteside County",656
61458,"Maquon","Knox County",656
61749,"Kenney","De Witt County",653
62940,"Gorham","Jackson County",645
61769,"Saunemin","Livingston County",641
62957,"McClure","Alexander County",640
62817,"Broughton","Hamilton County",639
62941,"Grand Chain","Pulaski County",639
61423,"Cameron","Warren County",638
62633,"Easton","Mason County",638
62570,"Tovey","Christian County",629
62992,"Ullin","Pulaski County",629
62942,"Grand Tower","Jackson County",628
61516,"Benson","Woodford County",627
62474,"Westfield","Clark County",626
62461,"Shumway","Effingham County",625
62444,"Mode","Shelby County",623
61872,"Sadorus","Champaign County",620
60604,"Chicago","Cook County",616
61840,"Dewey","Champaign County",612
62343,"Hull","Pike County",611
62250,"Hoffman","Clinton County",607
62432,"Hidalgo","Jasper County",601
62977,"Raleigh","Saline County",599
61318,"Compton","Lee County",595
62655,"Kilbourne","Mason County",594
62436,"Jewett","Cumberland County",590
60962,"Roberts","Ford County",589
60929,"Cullom","Livingston County",587
60910,"Aroma Park","Kankakee County",582
61862,"Penfield","Champaign County",581
61049,"Lindenwood","Ogle County",579
61454,"Lomax","Henderson County",579
61811,"Alvin","Vermilion County",578
62013,"Brussels","Calhoun County",578
61418,"Biggsville","Henderson County",575
62036,"Golden Eagle","Calhoun County",574
62547,"Mount Auburn","Christian County",574
62667,"Modesto","Macoupin County",569
62867,"New Haven","White County",568
60949,"Ludlow","Champaign County",564
62282,"Saint Libory","St. Clair County",563
62997,"Willisville","Perry County",561
61337,"Malden","Bureau County",558
61839,"De Land","Piatt County",558
62238,"Cutler","Perry County",558
61721,"Armington","Tazewell County",552
62469,"Trilla","Cumberland County",552
61476,"Seaton","Mercer County",551
61437,"Gladstone","Henderson County",549
61778,"Waynesville","De Witt County",547
62423,"Dennison","Clark County",546
61340,"Mark","Putnam County",545
61432,"Fairview","Fulton County",544
62689,"Thayer","Sangamon County",542
62897,"Whittington","Franklin County",542
62314,"Baylis","Pike County",530
61089,"Winslow","Stephenson County",526
62477,"West Union","Clark County",526
61932,"Hume","Edgar County",525
62358,"Niota","Hancock County",525
62617,"Bath","Mason County",524
62996,"Villa Ridge","Pulaski County",523
61317,"Cherry","Bureau County",521
62248,"Hecker","Monroe County",521
60919,"Cabery","Ford County",520
60029,"Golf","Cook County",518
62356,"New Canton","Pike County",518
62031,"Fieldon","Jersey County",517
62349,"Loraine","Adams County",517
62027,"Eldred","Greene County",516
62891,"Valier","Franklin County",514
61378,"West Brooklyn","Lee County",513
60931,"Donovan","Iroquois County",510
61830,"Cisco","Piatt County",510
62518,"Chestnut","Logan County",509
61442,"Keithsburg","Mercer County",504
62695,"Woodson","Morgan County",501
60928,"Crescent City","Iroquois County",493
61482,"Table Grove","Fulton County",492
61470,"Prairie City","McDonough County",488
62089,"Taylor Springs","Montgomery County",487
62093,"Wilsonville","Macoupin County",487
62666,"Middletown","Logan County",485
60109,"Burlington","Kane County",481
61560,"Putnam","Putnam County",477
62543,"Latham","Logan County",477
60912,"Beaverville","Iroquois County",475
62885,"Shobonier","Fayette County",474
62325,"Coatsburg","Adams County",465
62970,"Olmsted","Pulaski County",465
62365,"Plainville","Adams County",464
61625,"Peoria","Peoria County",456
61472,"Rio","Knox County",453
61067,"Ridott","Stephenson County",450
60917,"Buckingham","Kankakee County",449
62512,"Beason","Logan County",446
61477,"Smithfield","Fulton County",443
62923,"Cypress","Johnson County",441
62874,"Orient","Franklin County",440
62908,"Belknap","Massac County",440
62877,"Richview","Washington County",437
62943,"Grantsburg","Johnson County",428
62015,"Butler","Montgomery County",423
62280,"Rockwood","Jackson County",421
61478,"Smithshire","Warren County",420
61917,"Brocton","Edgar County",420
62077,"Panama","Montgomery County",420
62572,"Waggoner","Montgomery County",420
61485,"Victoria","Knox County",417
61737,"Ellsworth","McLean County",416
60946,"Kempton","Ford County",413
61567,"Topeka","Mason County",411
62954,"Junction","Gallatin County",411
62818,"Browns","Edwards County",409
62947,"Herod","Pope County",408
61358,"Rutland","LaSalle County",407
61459,"Marietta","Fulton County",406
61042,"Harmon","Lee County",404
62481,"Yale","Jasper County",398
61312,"Arlington","Bureau County",392
62976,"Pulaski","Pulaski County",392
62452,"Parkersburg","Richland County",387
62860,"Macedonia","Franklin County",384
62915,"Cambria","Williamson County",384
61563,"Saint David","Fulton County",383
62375,"Timewell","Brown County",383
62313,"Basco","Hancock County",382
61251,"Fenton","Whiteside County",377
61816,"Broadlands","Champaign County",377
61411,"Adair","McDonough County",376
60968,"Thawville","Iroquois County",374
61720,"Anchor","McLean County",374
60932,"East Lynn","Vermilion County",373
62851,"Keenes","Wayne County",371
62556,"Palmer","Christian County",370
61359,"Seatonville","Bureau County",369
61724,"Bellflower","McLean County",369
62649,"Hettick","Macoupin County",369
61773,"Sibley","Ford County",367
62421,"Claremont","Richland County",366
62671,"New Holland","Logan County",362
61730,"Cooksville","McLean County",361
62673,"Oakford","Menard County",361
61735,"Dewitt","De Witt County",360
62380,"West Point","Hancock County",360
62345,"Kinderhook","Pike County",359
60470,"Ransom","LaSalle County",358
62419,"Calhoun","Richland County",352
62053,"Kampsville","Calhoun County",351
61850,"Indianola","Vermilion County",350
62815,"Bone Gap","Edwards County",350
60973,"Wellington","Iroquois County",347
61532,"Forest City","Mason County",347
62601,"Alexander","Morgan County",344
62538,"Harvel","Montgomery County",342
61449,"La Fayette","Stark County",339
62091,"Walshville","Montgomery County",339
62831,"Du Bois","Washington County",339
61815,"Bondville","Champaign County",335
62478,"West York","Clark County",333
62856,"Logan","Franklin County",332
62886,"Sims","Wayne County",332
62081,"Rockbridge","Greene County",329
62413,"Annapolis","Crawford County",329
61812,"Armstrong","Vermilion County",322
62624,"Browning","Schuyler County",321
62446,"Mount Erie","Wayne County",318
62553,"Oconee","Shelby County",318
62927,"Dowell","Jackson County",317
62054,"Kane","Greene County",315
62019,"Donnellson","Bond County",314
62969,"Olive Branch","Alexander County",314
60539,"Mooseheart","Kane County",313
61335,"McNabb","Putnam County",312
62370,"Rockport","Pike County",309
62967,"New Burnside","Johnson County",309
60113,"Creston","Ogle County",306
62273,"Pierron","Bond County",305
61333,"Long Point","Livingston County",304
61553,"Norris","Fulton County",303
62361,"Pearl","Pike County",301
61372,"Troy Grove","LaSalle County",300
61338,"Manlius","Bureau County",299
61439,"Henderson","Knox County",299
61524,"Dunfermline","Fulton County",299
60974,"Woodland","Iroquois County",297
62514,"Boody","Macon County",297
61871,"Royal","Champaign County",296
62079,"Piasa","Macoupin County",292
61233,"Andover","Henry County",281
62459,"Sainte Marie","Jasper County",281
62833,"Ellery","Wayne County",280
61431,"Ellisville","Fulton County",279
61851,"Ivesdale","Champaign County",279
61772,"Shirley","McLean County",273
62289,"Summerfield","St. Clair County",273
61451,"Laura","Peoria County",272
62537,"Harristown","Macon County",272
61435,"Gerlaw","Warren County",271
62050,"Hillview","Greene County",268
62809,"Barnhill","Wayne County",267
61810,"Allerton","Vermilion County",265
61315,"Bureau","Bureau County",264
61344,"Mineral","Bureau County",264
61466,"North Henderson","Mercer County",263
61940,"Metcalf","Edgar County",259
62953,"Joppa","Massac County",259
60933,"Elliott","Ford County",258
60111,"Clare","DeKalb County",257
61316,"Cedar Point","LaSalle County",256
60208,"Evanston","Cook County",255
62825,"Coello","Franklin County",254
61363,"Standard","Putnam County",250
61091,"Woosung","Ogle County",248
62045,"Hamburg","Calhoun County",247
62819,"Buckner","Franklin County",247
62862,"Mill Shoals","White County",244
60934,"Emington","Livingston County",243
61313,"Blackstone","Livingston County",241
62438,"Lakewood","Shelby County",238
62362,"Perry","Pike County",237
61848,"Henning","Vermilion County",236
61519,"Bryant","Fulton County",235
61845,"Foosland","Champaign County",233
62610,"Alsey","Scott County",233
62921,"Colp","Williamson County",233
60129,"Esmond","Ogle County",229
62631,"Concord","Morgan County",228
62011,"Bingham","Fayette County",227
61044,"Kent","Stephenson County",225
62373,"Sutter","Hancock County",225
61321,"Dana","LaSalle County",224
62811,"Bellmont","Wabash County",224
61474,"Saint Augustine","Knox County",221
62319,"Camden","Schuyler County",218
62998,"Wolf Lake","Union County",218
62352,"Milton","Pike County",217
62374,"Tennessee","Hancock County",216
62639,"Frederick","Schuyler County",215
61079,"Shirland","Winnebago County",210
62975,"Pomona","Jackson County",207
61416,"Bardolph","McDonough County",204
62348,"Lima","Adams County",204
61955,"Vermilion","Edgar County",202
61050,"McConnell","Stephenson County",199
62323,"Chambersburg","Pike County",198
61274,"Osco","Henry County",197
62663,"Manchester","Scott County",197
61007,"Baileyville","Ogle County",196
60141,"Hines","Cook County",195
62085,"Sawyerville","Macoupin County",193
62434,"Ingraham","Clay County",191
62475,"West Liberty","Jasper County",189
61775,"Strawn","Livingston County",187
62517,"Bulpitt","Christian County",185
62359,"Paloma","Adams County",184
60945,"Iroquois","Iroquois County",183
61258,"Hooppole","Henry County",182
61417,"Berwick","Warren County",182
61311,"Ancona","Livingston County",180
61460,"Media","Henderson County",180
61475,"Sciota","McDonough County",180
61059,"Nora","Jo Daviess County",178
62878,"Rinard","Wayne County",177
60920,"Campus","Livingston County",172
61852,"Longview","Champaign County",172
61949,"Redmon","Edgar County",171
61936,"La Place","Piatt County",170
61941,"Murdock","Douglas County",168
62346,"La Prairie","Adams County",164
62334,"Elvaston","Hancock County",163
61831,"Collison","Vermilion County",160
62297,"Walsh","Randolph County",158
61452,"Littleton","Schuyler County",157
61243,"Deer Grove","Whiteside County",155
61112,"Rockford","Winnebago County",152
62672,"Nilwood","Macoupin County",151
62892,"Vernon","Marion County",150
61539,"Kingston Mines","Peoria County",147
61857,"Muncie","Vermilion County",147
62876,"Radom","Washington County",146
61037,"Galt","Whiteside County",145
62083,"Rosamond","Christian County",145
61043,"Holcomb","Ogle County",143
62023,"Eagarville","Macoupin County",139
61419,"Bishop Hill","Henry County",134
61471,"Raritan","Henderson County",134
62357,"New Salem","Pike County",134
60956,"Papineau","Iroquois County",132
60075,"Russell","Lake County",129
61323,"Dover","Bureau County",125
62852,"Keensburg","Wabash County",119
61750,"Lane","De Witt County",118
62841,"Freeman Spur","Williamson County",118
60437,"Kinsman","Grundy County",117
61743,"Graymont","Livingston County",113
62279,"Renault","Monroe County",112
61332,"Leonore","LaSalle County",104
62098,"Wrights","Greene County",104
62887,"Springerton","White County",104
62266,"New Memphis","Clinton County",103
62928,"Eddyville","Pope County",103
62622,"Bluff Springs","Cass County",100
61077,"Seward","Winnebago County",97
61324,"Eldena","Lee County",97
61541,"La Rose","Marshall County",97
62820,"Burnt Prairie","White County",96
61479,"Speer","Marshall County",95
61468,"Ophiem","Henry County",92
61276,"Preemption","Mercer County",88
62843,"Golden Gate","Wayne County",87
62336,"Ferris","Hancock County",84
61371,"Triumph","LaSalle County",83
62464,"Stoy","Crawford County",81
62261,"Modoc","Randolph County",80
62965,"Muddy","Saline County",79
61731,"Cropsey","McLean County",76
62950,"Jacob","Jackson County",76
60969,"Union Hill","Kankakee County",73
62078,"Patterson","Greene County",73
62030,"Fidelity","Jersey County",71
61543,"Liverpool","Fulton County",70
60144,"Kaneville","Kane County",66
60536,"Millbrook","Kendall County",62
60519,"Eola","DuPage County",61
62344,"Huntsville","Schuyler County",60
62076,"Ohlman","Montgomery County",59
62861,"Maunie","White County",57
61374,"Van Orin","Bureau County",56
62541,"Lake Fork","Logan County",54
60967,"Stockland","Iroquois County",51
61552,"Mossville","Peoria County",51
60926,"Claytonville","Iroquois County",50
61346,"New Bedford","Bureau County",43
61426,"Castleton","Stark County",41
62532,"Elwin","Macon County",40
61562,"Rome","Peoria County",38
62961,"Millcreek","Union County",37
62256,"Maeystown","Monroe County",35
61236,"Barstow","Rock Island County",34
61027,"Eleroy","Stephenson County",33
61751,"Lawndale","Logan County",32
61057,"Nachusa","Lee County",30
62879,"Sailor Springs","Clay County",28
61855,"Milmine","Piatt County",24
62519,"Cornland","Logan County",24
60183,"Wasco","Kane County",23
61433,"Fiatt","Fulton County",22
62829,"Dale","Hamilton County",22
61424,"Camp Grove","Marshall County",20
61328,"Kasbeer","Bureau County",18
60557,"Wedron","LaSalle County",0
60939,"Goodwine","Iroquois County",0
61237,"Buffalo Prairie","Rock Island County",0
61331,"Lee Center","Lee County",0
62706,"Springfield","Sangamon County",0
62962,"Miller City","Alexander County",0